sampleId,wavelengthNm,qDir
ALT010,290,4.884839663742862e-17
ALT010,291,1.4924170683715836e-13
ALT010,292,1.7604791254741873e-10
ALT010,293,1.0382051316225857e-8
ALT010,294,0.000004440351185366601
ALT010,295,0.0001924556329872873
ALT010,296,0.021382970658454552
ALT010,297,0.3021615282693406
ALT010,298,10.809229162630274
ALT010,299,97.83374735860964
ALT010,300,1177.5600668134978
ALT010,301,13450.134042305237
ALT010,302,60764.31793756794
ALT010,303,484797.17686109163
ALT010,304,1395238.6214802812
ALT010,305,8327006.74301541
ALT010,306,17607967.500686422
ALT010,307,44799077.763979
ALT010,308,126169172.02746795
ALT010,309,201833536.5330539
ALT010,310,457985289.9554347
ALT010,311,1029458738.03096
ALT010,312,1743707285.034666
ALT010,313,2871627127.5093617
ALT010,314,3666587054.970469
ALT010,315,6377890450.663409
ALT010,316,6595662376.510654
ALT010,317,12228832735.207705
ALT010,318,14071095051.513708
ALT010,319,22603626196.74379
ALT010,320,20775301023.37367
ALT010,321,37291755966.17097
ALT010,322,32847908813.53941
ALT010,323,34216201457.614902
ALT010,324,62028900717.02733
ALT010,325,53498123354.9971
ALT010,326,93589914285.2162
ALT010,327,117632991655.09393
ALT010,328,91170466860.76993
ALT010,329,140859874478.87747
ALT010,330,177082881183.71936
ALT010,331,149344179512.62152
ALT010,332,180913480807.72318
ALT010,333,194313866735.62357
ALT010,334,187151567002.36105
ALT010,335,238266310862.48605
ALT010,336,230313274815.683
ALT010,337,217232546169.07324
ALT010,338,263781667414.28046
ALT010,339,305597300772.7623
ALT010,340,347971602628.2494
ALT010,341,344981129497.72015
ALT010,342,381521109543.5181
ALT010,343,422106586063.8007
ALT010,344,354808702582.51697
ALT010,345,415431837977.85175
ALT010,346,455537916763.6384
ALT010,347,496888145972.69604
ALT010,348,500758585476.14124
ALT010,349,515914355722.4722
ALT010,350,612219026781.0557
ALT010,351,671884662664.2388
ALT010,352,657935460847.893
ALT010,353,692698310153.7621
ALT010,354,845339864552.3854
ALT010,355,892817421956.5457
ALT010,356,843460826133.5754
ALT010,357,726906737885.1075
ALT010,358,715323908956.5359
ALT010,359,815720580880.7568
ALT010,360,1083713180431.5127
ALT010,361,981937389634.9126
ALT010,362,1046335659121.0801
ALT010,363,1223707356743.3862
ALT010,364,1280032509954.4001
ALT010,365,1368626036301.9236
ALT010,366,1675713807370.316
ALT010,367,1710873023615.745
ALT010,368,1641842379461.7842
ALT010,369,1766903224433.7048
ALT010,370,1994147062359.9492
ALT010,371,1896754889575.8018
ALT010,372,1913300425797.8206
ALT010,373,1817222793063.2024
ALT010,374,1690689697691.7024
ALT010,375,1852766705537.0369
ALT010,376,2197010718477.0886
ALT010,377,2398143216226.0327
ALT010,378,2980834011616.3833
ALT010,379,2681288988392.73
ALT010,380,2613337997609.751
ALT010,381,2937592069479.6875
ALT010,382,2326111055706.1455
ALT010,383,1858652200922.1438
ALT010,384,2146899848581.7637
ALT010,385,2924029280287.307
ALT010,386,2775974703361.6426
ALT010,387,2999479890410.3403
ALT010,388,3015344517256.044
ALT010,389,3346398688828.1147
ALT010,390,4003789023427.48
ALT010,391,4400430364079.885
ALT010,392,4228635894740.115
ALT010,393,2622009421546.634
ALT010,394,2783903967575.816
ALT010,395,4661797484830.898
ALT010,396,4488070941574.001
ALT010,397,2594195592491.0195
ALT010,398,5333632572584.607
ALT010,399,6859830627851.374
ALT010,400,7341215909211.999
ALT015,290,4.0758089627299735e-8
ALT015,291,0.00001228418683957901
ALT015,292,0.0017908923133212263
ALT015,293,0.031595385925606054
ALT015,294,2.2965415304829047
ALT015,295,32.9739270918934
ALT015,296,948.1150584280675
ALT015,297,5857.8796533259965
ALT015,298,75840.1854624275
ALT015,299,348782.9489348344
ALT015,300,2010395.1028731454
ALT015,301,11301520.029756654
ALT015,302,32541774.40130026
ALT015,303,154817852.80414787
ALT015,304,328251076.3490875
ALT015,305,1173005320.8035586
ALT015,306,1918087608.6662352
ALT015,307,3786235920.3928204
ALT015,308,8021505508.660766
ALT015,309,10833680293.851871
ALT015,310,18861743762.711662
ALT015,311,37110674677.861755
ALT015,312,52656957347.337036
ALT015,313,74511752708.28534
ALT015,314,89343945039.56833
ALT015,315,130319116959.86736
ALT015,316,127476546865.451
ALT015,317,210902486108.9794
ALT015,318,231295360588.82922
ALT015,319,320920982662.83417
ALT015,320,310400170439.6507
ALT015,321,467638749934.10065
ALT015,322,422081820358.924
ALT015,323,418604681637.79785
ALT015,324,662445629415.6174
ALT015,325,616089117219.3964
ALT015,326,965753865807.3336
ALT015,327,1136793947544.2043
ALT015,328,934988976392.6136
ALT015,329,1289712276276.8257
ALT015,330,1560327197968.9712
ALT015,331,1337184136601.9404
ALT015,332,1531547946005.4915
ALT015,333,1596297376010.2988
ALT015,334,1549549480095.619
ALT015,335,1867299276335.5193
ALT015,336,1755965491325.4036
ALT015,337,1643021759141.5295
ALT015,338,1953246575498.2988
ALT015,339,2195853131583.9185
ALT015,340,2466542208106.2104
ALT015,341,2392178628362.4365
ALT015,342,2586728858427.2637
ALT015,343,2814380252341.2563
ALT015,344,2347648727755.1294
ALT015,345,2678013267881.4614
ALT015,346,2881757483802.9614
ALT015,347,3088744641261.2983
ALT015,348,3062096337976.4873
ALT015,349,3100768687053.2935
ALT015,350,3622425960946.7344
ALT015,351,3913133734181.6416
ALT015,352,3778204731514.9736
ALT015,353,3913096091695.234
ALT015,354,4701127093986.267
ALT015,355,4892892731554.226
ALT015,356,4554351931913.429
ALT015,357,3869570802134.9707
ALT015,358,3753302560775.3994
ALT015,359,4220112580602.8105
ALT015,360,5531168334382.203
ALT015,361,4942646013108.092
ALT015,362,5195440694180.946
ALT015,363,5995746930479.503
ALT015,364,6189962615651.508
ALT015,365,6533972676555.619
ALT015,366,7898141411118.786
ALT015,367,7962284588151.039
ALT015,368,7546492066309.343
ALT015,369,8022498493348.336
ALT015,370,8944818635614.773
ALT015,371,8406654795011.05
ALT015,372,8380322709989.154
ALT015,373,7867006783804.653
ALT015,374,7235561718632.756
ALT015,375,7839461813722.568
ALT015,376,9192028945649.824
ALT015,377,9922916714892.275
ALT015,378,12199679360473.795
ALT015,379,10855544675021.76
ALT015,380,10467957924270.627
ALT015,381,11643380006240.13
ALT015,382,9124027568318.984
ALT015,383,7215777308660.626
ALT015,384,8250479106995.975
ALT015,385,11124496808409.367
ALT015,386,10457003237983.676
ALT015,387,11188677695532.484
ALT015,388,11139317504429.098
ALT015,389,12244601609095.094
ALT015,390,14512244142781.105
ALT015,391,15801352481625.818
ALT015,392,15044846724866.57
ALT015,393,9243948216616.973
ALT015,394,9726743606612.041
ALT015,395,16143572089436.85
ALT015,396,15405712108718.168
ALT015,397,8827504466109.32
ALT015,398,17993401864641.34
ALT015,399,22945765093271.664
ALT015,400,24350583066306.133
ALT020,290,0.003072058861827789
ALT020,291,0.25789528784424504
ALT020,292,11.860931414232917
ALT020,293,107.57778327750061
ALT020,294,2941.243566093108
ALT020,295,22967.85479743857
ALT020,296,313365.4752714802
ALT020,297,1227414.8773185436
ALT020,298,9074862.836317608
ALT020,299,28746760.398948517
ALT020,300,110454490.25728023
ALT020,301,420205317.2521139
ALT020,302,944510972.7658999
ALT020,303,3380996885.440987
ALT020,304,6061955155.243931
ALT020,305,16335552557.094254
ALT020,306,23200594846.43396
ALT020,307,39849045545.06253
ALT020,308,72214791482.77437
ALT020,309,88917406583.0682
ALT020,310,133868914071.63731
ALT020,311,244954285944.68433
ALT020,312,315492270366.9054
ALT020,313,410948180873.55
ALT020,314,476399256637.7747
ALT020,315,631074801773.8324
ALT020,316,599190587777.4457
ALT020,317,931719724676.1594
ALT020,318,995964077745.7024
ALT020,319,1275607219824.474
ALT020,320,1270179493546.117
ALT020,321,1738604794621.406
ALT020,322,1591882207826.2024
ALT020,323,1537828877346.8823
ALT020,324,2259487442864.896
ALT020,325,2192561803244.6929
ALT020,326,3237348326090.8896
ALT020,327,3678004047264.797
ALT020,328,3128458106538.577
ALT020,329,4056423061891.8345
ALT020,330,4808256645821.716
ALT020,331,4160399851674.387
ALT020,332,4623224406456.663
ALT020,333,4742785167088.057
ALT020,334,4627164590103.804
ALT020,335,5413107082097.03
ALT020,336,5017015569655.87
ALT020,337,4676789713086.238
ALT020,338,5498802030187.201
ALT020,339,6083983165731.906
ALT020,340,6787234741960.792
ALT020,341,6507345006994.287
ALT020,342,6954113994250.374
ALT020,343,7501160171915.757
ALT020,344,6234647941147.303
ALT020,345,7014533600915.445
ALT020,346,7474550345571.874
ALT020,347,7938944509973.333
ALT020,348,7803913825730.087
ALT020,349,7831956037013.741
ALT020,350,9075921272268.775
ALT020,351,9724508337670.77
ALT020,352,9321438276989.76
ALT020,353,9572332116612.006
ALT020,354,11407031870710.648
ALT020,355,11782804578797.54
ALT020,356,10883736640820.307
ALT020,357,9179634370167.596
ALT020,358,8837540880875.682
ALT020,359,9864483750092.713
ALT020,360,12839078327257.236
ALT020,361,11390931045880.793
ALT020,362,11889364963095.18
ALT020,363,13626677899205.654
ALT020,364,13973026483359.92
ALT020,365,14652154175147.553
ALT020,366,17594302723325.637
ALT020,367,17621371136957.305
ALT020,368,16594114011402.594
ALT020,369,17529619586616.74
ALT020,370,19422483535171
ALT020,371,18141312283575.406
ALT020,372,17974368976107.996
ALT020,373,16771800481385.14
ALT020,374,15334278881930.615
ALT020,375,16516718288729.14
ALT020,376,19254148639165.902
ALT020,377,20666404938883.53
ALT020,378,25264948510701.6
ALT020,379,22355896334133.43
ALT020,380,21439000758907.996
ALT020,381,23716817067562.566
ALT020,382,18485143908280.91
ALT020,383,14541513601580.506
ALT020,384,16539544343602.35
ALT020,385,22185423198866.023
ALT020,386,20747693003790.723
ALT020,387,22087228304282.35
ALT020,388,21879907702913.848
ALT020,389,23932354320355.957
ALT020,390,28226410304999.824
ALT020,391,30585502127561.16
ALT020,392,28982561860624.348
ALT020,393,17723874309875.98
ALT020,394,18563037765512.33
ALT020,395,30667882180365.293
ALT020,396,29133357237045.914
ALT020,397,16618443519145.203
ALT020,398,33723360469370.332
ALT020,399,42816192543991.336
ALT020,400,45240844538366.414
ALT025,290,3.172967560615041
ALT025,291,120.54157720275997
ALT025,292,2710.331144954135
ALT025,293,16272.606279637746
ALT025,294,242597.37494163227
ALT025,295,1298585.3573941574
ALT025,296,11158930.298087541
ALT025,297,32950614.45530033
ALT025,298,172129022.24733582
ALT025,299,432772649.2350625
ALT025,300,1293246424.3788476
ALT025,301,3862351476.90394
ALT025,302,7446888118.444284
ALT025,303,22349571232.63317
ALT025,304,36121897012.289215
ALT025,305,81723258855.15465
ALT025,306,106377003669.9105
ALT025,307,167643660558.97028
ALT025,308,275809741309.793
ALT025,309,320745483911.6477
ALT025,310,441364666664.02576
ALT025,311,772246954588.2052
ALT025,312,936848985583.5413
ALT025,313,1159446255631.0583
ALT025,314,1316566840116.6514
ALT025,315,1643212859566.3274
ALT025,316,1531966664447.9717
ALT025,317,2292743845050.432
ALT025,318,2412715426650.5938
ALT025,319,2941067960212.4644
ALT025,320,2982509526579.4243
ALT025,321,3847348182628.3516
ALT025,322,3554883153044.7144
ALT025,323,3379335457477.7207
ALT025,324,4742546749816.07
ALT025,325,4725955093661.176
ALT025,326,6724918799797.575
ALT025,327,7475531496280.895
ALT025,328,6493814709124.841
ALT025,329,8104340479571.199
ALT025,330,9487091394330.623
ALT025,331,8259411659886.774
ALT025,332,9009268370487.414
ALT025,333,9153275249525.846
ALT025,334,8959692582499.58
ALT025,335,10292210826855.193
ALT025,336,9455178851652.564
ALT025,337,8795014454219.476
ALT025,338,10271971451874.41
ALT025,339,11255016252890.812
ALT025,340,12504638192604.094
ALT025,341,11905607794969.54
ALT025,342,12632238649846.129
ALT025,343,13555311702325.87
ALT025,344,11243110497048.66
ALT025,345,12543515248090.053
ALT025,346,13286996495318.354
ALT025,347,14035188560047.781
ALT025,348,13725936766839.844
ALT025,349,13700782141203.592
ALT025,350,15799680752685.496
ALT025,351,16845462835744.646
ALT025,352,16077000578959.418
ALT025,353,16424858570161.105
ALT025,354,19477143658747.86
ALT025,355,20027073933590.96
ALT025,356,18413446452533.434
ALT025,357,15461743967093.482
ALT025,358,14818531063085.988
ALT025,359,16467811411092.531
ALT025,360,21343504805955.414
ALT025,361,18854225928137.73
ALT025,362,19595594548818.1
ALT025,363,22365841918882.2
ALT025,364,22840661842027.6
ALT025,365,23855190986052.63
ALT025,366,28530990333791.16
ALT025,367,28462103469167.773
ALT025,368,26699036236632.34
ALT025,369,28096793080184.92
ALT025,370,31012829816963.9
ALT025,371,28859121721646.605
ALT025,372,28488335848187.137
ALT025,373,26485615663998.53
ALT025,374,24128884881387.285
ALT025,375,25897414915325.99
ALT025,376,30083834932158.914
ALT025,377,32179004384432.707
ALT025,378,39205234991371.85
ALT025,379,34574137742333.63
ALT025,380,33045822132042.516
ALT025,381,36436859762011.6
ALT025,382,28307035260397.473
ALT025,383,22196634656584.805
ALT025,384,25166551108125.805
ALT025,385,33651592538271.027
ALT025,386,31373647763776.66
ALT025,387,33297265445724.426
ALT025,388,32885145812970.676
ALT025,389,35862822078733.5
ALT025,390,42173089523524.89
ALT025,391,45564654052890.03
ALT025,392,43052511684264.01
ALT025,393,26253332208141.28
ALT025,394,27419277454699.027
ALT025,395,45173659157150.95
ALT025,396,42795669635155.01
ALT025,397,24345509487965.06
ALT025,398,49271021859281.49
ALT025,399,62389962492730.82
ALT025,400,65750684783291.32
ALT030,290,330.66689308267263
ALT030,291,7380.580412784418
ALT030,292,102686.76849740764
ALT030,293,467511.6711253041
ALT030,294,4640516.08060931
ALT030,295,19282610.938115664
ALT030,296,121523559.38795026
ALT030,297,296911722.6856901
ALT030,298,1228714668.7844377
ALT030,299,2645940211.4319897
ALT030,300,6680362059.370452
ALT030,301,16962728857.461681
ALT030,302,29509600491.56935
ALT030,303,78694701381.7422
ALT030,304,118645702444.13635
ALT030,305,238734049793.3676
ALT030,306,293125142811.2659
ALT030,307,436066787695.44763
ALT030,308,672426704732.1893
ALT030,309,752641824016.1982
ALT030,310,975122660129.5538
ALT030,311,1655797485057.9001
ALT030,312,1929830491195.9893
ALT030,313,2307966544023.617
ALT030,314,2584780755863.888
ALT030,315,3099985603714.1313
ALT030,316,2855151838216.5034
ALT030,317,4165065234075.892
ALT030,318,4337478566925.2954
ALT030,319,5115179345376.225
ALT030,320,5251561262184.503
ALT030,321,6510569425085.805
ALT030,322,6052932930841.115
ALT030,323,5692609461582.817
ALT030,324,7747393475092.876
ALT030,325,7859632975398.239
ALT030,326,10911057595078.758
ALT030,327,11953581536948.469
ALT030,328,10532112541126.424
ALT030,329,12812290744298.451
ALT030,330,14873964529308.309
ALT030,331,13003482023741.4
ALT030,332,14009166374701.645
ALT030,333,14141849366400.906
ALT030,334,13874296020463.523
ALT030,335,15744921890086.234
ALT030,336,14379752463933.648
ALT030,337,13357180005889.426
ALT030,338,15531316831025.764
ALT030,339,16907828121583.496
ALT030,340,18734491883465.98
ALT030,341,17754646873639.82
ALT030,342,18748966841576.402
ALT030,343,20049992887783.98
ALT030,344,16607525157084.816
ALT030,345,18425011118774.79
ALT030,346,19440460340630.535
ALT030,347,20460583815064.44
ALT030,348,19942016369248.188
ALT030,349,19834135343359.395
ALT030,350,22798995052504.39
ALT030,351,24228856977485.57
ALT030,352,23057087274890.227
ALT030,353,23475710524172.723
ALT030,354,27747991764704.184
ALT030,355,28445374854911.09
ALT030,356,26073425230066.227
ALT030,357,21829761169497.586
ALT030,358,20859272707574.13
ALT030,359,23113451564842.49
ALT030,360,29873404656765.25
ALT030,361,26313712357421.215
ALT030,362,27271435941333.047
ALT030,363,31041381259907.465
ALT030,364,31614688280526.992
ALT030,365,32931715457530.152
ALT030,366,39282527930547.28
ALT030,367,39085289255963.63
ALT030,368,36570150467090.72
ALT030,369,38387663222149.97
ALT030,370,42265531794805.234
ALT030,371,39233307123160.984
ALT030,372,38634901756278.94
ALT030,373,35832373298118.42
ALT030,374,32566654654155.664
ALT030,375,34871670817766.805
ALT030,376,40414900921231.695
ALT030,377,43130835111088.41
ALT030,378,52429892121519.67
ALT030,379,46133481219282.58
ALT030,380,43997100661888.69
ALT030,381,48406553199563.984
ALT030,382,37525188937904.16
ALT030,383,29362530153262.03
ALT030,384,33221475023751.926
ALT030,385,44330197980469.69
ALT030,386,41244958687198.94
ALT030,387,43685372273033.91
ALT030,388,43058474187021.38
ALT030,389,46864773416734.04
ALT030,390,55003616948010.22
ALT030,391,59312409131209.38
ALT030,392,55935639717639.164
ALT030,393,34045284263298.17
ALT030,394,35491332989927.734
ALT030,395,58365225321369.34
ALT030,396,55192503178838.76
ALT030,397,31341374267332.2
ALT030,398,63316691817579.19
ALT030,399,80034631501607.08
ALT030,400,84199851713864.77
ALT035,290,8925.314528528812
ALT035,291,136562.32303878892
ALT035,292,1351283.2055061494
ALT035,293,5054995.38007964
ALT035,294,37589895.27737446
ALT035,295,130493686.515093
ALT035,296,659906828.2421408
ALT035,297,1409435107.3609743
ALT035,298,4943656336.559302
ALT035,299,9537221463.320145
ALT035,300,21363822078.037243
ALT035,301,48344573009.48921
ALT035,302,78184822042.14545
ALT035,303,191727521043.75198
ALT035,304,275147773562.63165
ALT035,305,509437935663.6048
ALT035,306,600116126488.3682
ALT035,307,856979244928.7048
ALT035,308,1262124151281.0037
ALT035,309,1374888636904.3606
ALT035,310,1706760904017.4688
ALT035,311,2837241911346.042
ALT035,312,3214148193452.876
ALT035,313,3751722312072.472
ALT035,314,4160825916256.729
ALT035,315,4851028593991.074
ALT035,316,4429587322186.556
ALT035,317,6345667674212.995
ALT035,318,6559724053756.664
ALT035,319,7556382293688.901
ALT035,320,7826250230618.506
ALT035,321,9432962254478.082
ALT035,322,8808713096351.143
ALT035,323,8221681783009.561
ALT035,324,10948302488038.291
ALT035,325,11249201035152.316
ALT035,326,15345334169888.2
ALT035,327,16639042441060.66
ALT035,328,14809175951339.777
ALT035,329,17691573279419.27
ALT035,330,20417845348012.35
ALT035,331,17903736495694.844
ALT035,332,19119694715314.453
ALT035,333,19213295062557.09
ALT035,334,18880717778643.22
ALT035,335,21242445266044.26
ALT035,336,19320325239806.19
ALT035,337,17929123577774.508
ALT035,338,20782420541309.625
ALT035,339,22521006721487.406
ALT035,340,24906905695243.785
ALT035,341,23527272249569.465
ALT035,342,24761714060753.43
ALT035,343,26415987511929.66
ALT035,344,21859994964664.99
ALT035,345,24156615829179.73
ALT035,346,25417337527321.875
ALT035,347,26682595012637.723
ALT035,348,25944284001412.383
ALT035,349,25738720616561.875
ALT035,350,29519091624140.96
ALT035,351,31298368791328.37
ALT035,352,29724399199076.72
ALT035,353,30191353331437.01
ALT035,354,35604201128038.7
ALT035,355,36421445523254.61
ALT035,356,33312392131974.254
ALT035,357,27833029830766.617
ALT035,358,26539778159900.086
ALT035,359,29347544164609.555
ALT035,360,37856423931487.76
ALT035,361,33278174366229.984
ALT035,362,34420978197652.387
ALT035,363,39103474085603.85
ALT035,364,39749818676406.61
ALT035,365,41328675795840.734
ALT035,366,49207045188772.56
ALT035,367,48869826498489.81
ALT035,368,45642423878072.9
ALT035,369,47825715802515.234
ALT035,370,52563993649832.76
ALT035,371,48708082433580.24
ALT035,372,47882843060299.61
ALT035,373,44334113436926.375
ALT035,374,40226327220857.66
ALT035,375,43002314349375.88
ALT035,376,49756583292353.83
ALT035,377,53014834665727.5
ALT035,378,64342505049630.01
ALT035,379,56526481102320.56
ALT035,380,53825171817181.03
ALT035,381,59128981867947.08
ALT035,382,45767872739240.836
ALT035,383,35758703594956.17
ALT035,384,40398516409658.07
ALT035,385,53828392650794.91
ALT035,386,50010016153189.89
ALT035,387,52893639144562.72
ALT035,388,52061204264699
ALT035,389,56584643607319.11
ALT035,390,66320417735573.19
ALT035,391,71418553721061.5
ALT035,392,67262238101637.39
ALT035,393,40884979144405.02
ALT035,394,42565844065003.24
ALT035,395,69908733609959.98
ALT035,396,66024005759783.66
ALT035,397,37444636745783.84
ALT035,398,75551944632663.42
ALT035,399,95382266506835.67
ALT035,400,100223878492679.7
ALT040,290,101168.29340093887
ALT040,291,1171805.8311687224
ALT040,292,9019017.007880596
ALT040,293,29191168.876425922
ALT040,294,175444870.5072105
ALT040,295,533459504.6676998
ALT040,296,2293610789.6395082
ALT040,297,4436405486.42521
ALT040,298,13775016396.324478
ALT040,299,24505614592.379692
ALT040,300,50259757673.69649
ALT040,301,104475398883.96573
ALT040,302,160114445812.33252
ALT040,303,369104131069.9918
ALT040,304,510789661419.63934
ALT040,305,889471863479.4762
ALT040,306,1016287653564.6738
ALT040,307,1408190297985.301
ALT040,308,2004860823215.7625
ALT040,309,2140785298231.7212
ALT040,310,2575118509329.5684
ALT040,311,4214313467377.0586
ALT040,312,4675233596993.377
ALT040,313,5360430942653.354
ALT040,314,5902350220746.389
ALT040,315,6739546629075.955
ALT040,316,6115174042256.988
ALT040,317,8644111649296.022
ALT040,318,8887302236324.592
ALT040,319,10062076992295.652
ALT040,320,10489235332378.467
ALT040,321,12382906601238.314
ALT040,322,11601288845820.283
ALT040,323,10767848589774.293
ALT040,324,14110661575100.627
ALT040,325,14635358435409.438
ALT040,326,19708464236543.535
ALT040,327,21208383690254.47
ALT040,328,19017271888561.94
ALT040,329,22417248765549.926
ALT040,330,25760002084952.254
ALT040,331,22638288778325.324
ALT040,332,24019985899328.12
ALT040,333,24057125894088.94
ALT040,334,23669544527601.82
ALT040,335,26461869119643.066
ALT040,336,23994249501089.234
ALT040,337,22250897323661.387
ALT040,338,25732912301283.16
ALT040,339,27791971261605.25
ALT040,340,30693716307650.918
ALT040,341,28924096739590.965
ALT040,342,30366832220964.09
ALT040,343,32338141121063.387
ALT040,344,26742491000972.348
ALT040,345,29466335305080.832
ALT040,346,30941098812325.984
ALT040,347,32420274005799.72
ALT040,348,31468008506504.81
ALT040,349,31160762138247.523
ALT040,350,35678005642409.36
ALT040,351,37764763694872.7
ALT040,352,35812353408283.91
ALT040,353,36310782692694.414
ALT040,354,42748888799517.125
ALT040,355,43661923091868.266
ALT040,356,39871586467025.664
ALT040,357,33262951704025.902
ALT040,358,31668501138822.637
ALT040,359,34966183710248.87
ALT040,360,45039241426328.55
ALT040,361,39533677623973.195
ALT040,362,40831791260954.305
ALT040,363,46320550152422.96
ALT040,364,47020374567472.53
ALT040,365,48821252595958.53
ALT040,366,58048506229778.97
ALT040,367,57572806994530.21
ALT040,368,53699356803682.87
ALT040,369,56194712701982.875
ALT040,370,61682093240905.2
ALT040,371,57084378931655.59
ALT040,372,56046557460980.914
ALT040,373,51828175071185.65
ALT040,374,46968456117193.62
ALT040,375,50148843071037.65
ALT040,376,57956049872593.92
ALT040,377,61678318431085.81
ALT040,378,74769853136065.14
ALT040,379,65611397175155.5
ALT040,380,62404812157585.836
ALT040,381,68477067141025.836
ALT040,382,52944700909303.016
ALT040,383,41320641534452.2
ALT040,384,46631557480968.57
ALT040,385,62066931822626.195
ALT040,386,57603243179099.914
ALT040,387,60861062034764.67
ALT040,388,59841362350300.164
ALT040,389,64974529001151.016
ALT040,390,76077208392910.36
ALT040,391,81843686951336.48
ALT040,392,77004826212616.06
ALT040,393,46761449504621.75
ALT040,394,48637234060038.7
ALT040,395,79804437544304.98
ALT040,396,75299136339622.1
ALT040,397,42665235527399.85
ALT040,398,86006445881103.1
ALT040,399,108482210168408.11
ALT040,400,113886815756994.97
ALT045,290,636812.056225786
ALT045,291,5972777.686024032
ALT045,292,37998566.53823987
ALT045,293,110202984.33291353
ALT045,294,563628016.6296613
ALT045,295,1549970890.781227
ALT045,296,5892768837.048818
ALT045,297,10573003620.06719
ALT045,298,29931472235.898403
ALT045,299,50074953715.89596
ALT045,300,96059990086.80275
ALT045,301,187234223576.56274
ALT045,302,275484891803.56384
ALT045,303,605996253726.5425
ALT045,304,815826443641.4971
ALT045,305,1356124491759.807
ALT045,306,1514033793744.9763
ALT045,307,2050501572152.1658
ALT045,308,2845350212885.8174
ALT045,309,2992611760782.4004
ALT045,310,3514846061344.544
ALT045,311,5684453157161.532
ALT045,312,6206904073420.787
ALT045,313,7020781322989.424
ALT045,314,7688575728788.686
ALT045,315,8641617178449.261
ALT045,316,7803518772052.538
ALT045,317,10919586147716.807
ALT045,318,11180742158950.723
ALT045,319,12493882979536.012
ALT045,320,13088551569144.893
ALT045,321,15210325132514.008
ALT045,322,14285678408008.848
ALT045,323,13203453808866.295
ALT045,324,17093323437207.236
ALT045,325,17855787816393.492
ALT045,326,23811224866770.086
ALT045,327,25476485427772.99
ALT045,328,22974045216768.77
ALT045,329,26808715133209.555
ALT045,330,30705552917546.785
ALT045,331,27030109420830.176
ALT045,332,28539773319458.637
ALT045,333,28511804124632.86
ALT045,334,28078544948064.69
ALT045,335,31240548478664.195
ALT045,336,28262097394825.78
ALT045,337,26194873314793.24
ALT045,338,30241623039711.81
ALT045,339,32578410303218.055
ALT045,340,35942300694028.67
ALT045,341,33808722679560.812
ALT045,342,35429071643421.45
ALT045,343,37678464214743.85
ALT045,344,31142774764396.156
ALT045,345,34239468190451.957
ALT045,346,35897825265453.516
ALT045,347,37560520369856.96
ALT045,348,36409031566452.72
ALT045,349,36002979249364.27
ALT045,350,41170322979152.91
ALT045,351,43522815202245.58
ALT045,352,41226424417909.85
ALT045,353,41744466997938.445
ALT045,354,49083655118518.89
ALT045,355,50072898560970.65
ALT045,356,45671316138398.94
ALT045,357,38057837031982.45
ALT045,358,36191325880395.57
ALT045,359,39914550750080.14
ALT045,360,51357264724181.3
ALT045,361,45028926410786.016
ALT045,362,46456328121033.695
ALT045,363,52644628481723.62
ALT045,364,53383552876775.96
ALT045,365,55370937953689.65
ALT045,366,65768122155934.836
ALT045,367,65162561205893.75
ALT045,368,60717578321139.41
ALT045,369,63476482377090.16
ALT045,370,69606681889814.11
ALT045,371,64356162131178.48
ALT045,372,63126006914292.89
ALT045,373,58319853995713.24
ALT045,374,52802543242369.27
ALT045,375,56326325879467.84
ALT045,376,65036285321108.52
ALT045,377,69151527466910.13
ALT045,378,83755443343955.95
ALT045,379,73432291754667.86
ALT045,380,69783396917992.86
ALT045,381,76508648024177.3
ALT045,382,59104826397377.22
ALT045,383,46090082233112.95
ALT045,384,51971425919991.55
ALT045,385,69118317899111.26
ALT045,386,64096315665998.79
ALT045,387,67667904650035.74
ALT045,388,66482226765117.19
ALT045,389,72129467534793.69
ALT045,390,84390544016844.05
ALT045,391,90718759039668.33
ALT045,392,85291715206185.69
ALT045,393,51755639189580.49
ALT045,394,53792761029694.33
ALT045,395,88200429747556.83
ALT045,396,83162162187845.8
ALT045,397,47087428392458.83
ALT045,398,94854998110581.95
ALT045,399,119561041828364.11
ALT045,400,125432757334571.75
ALT050,290,2632647.437246299
ALT050,291,20981394.81645559
ALT050,292,115238066.85680011
ALT050,293,307071286.62029725
ALT050,294,1386597417.072756
ALT050,295,3528688480.4724574
ALT050,296,12200675908.677013
ALT050,297,20657685321.52812
ALT050,298,54455679794.196976
ALT050,299,86885507795.54247
ALT050,300,158294567199.51773
ALT050,301,293589322437.29803
ALT050,302,418593267038.8479
ALT050,303,888105670252.7726
ALT050,304,1170470466558.2852
ALT050,305,1877086483594.2124
ALT050,306,2058579065159.8997
ALT050,307,2739291838467.0317
ALT050,308,3726602929143.1353
ALT050,309,3873968355232.878
ALT050,310,4466963217372.463
ALT050,311,7158536682357.026
ALT050,312,7721381570724.559
ALT050,313,8643004844444.28
ALT050,314,9425445444438.645
ALT050,315,10465530424527.008
ALT050,316,9415666287763.373
ALT050,317,13073020915028.99
ALT050,318,13343333676040.902
ALT050,319,14760493569255.637
ALT050,320,15521957178423.053
ALT050,321,17820609434777.816
ALT050,322,16769452521876.39
ALT050,323,15448634934705.508
ALT050,324,19813271078880.74
ALT050,325,20811326643453.605
ALT050,326,27543972428263.625
ALT050,327,29339905294714.434
ALT050,328,26573844251101.168
ALT050,329,30768197635757.06
ALT050,330,35151703534817.574
ALT050,331,30984490498097.742
ALT050,332,32591722217313.973
ALT050,333,32496478093093.23
ALT050,334,32025727326739.977
ALT050,335,35500461912615.11
ALT050,336,32058891527674.625
ALT050,337,29701972660024.316
ALT050,338,34244783945353.613
ALT050,339,36818587947635.664
ALT050,340,40587637016296.98
ALT050,341,38125019741061.18
ALT050,342,39894966373636.95
ALT050,343,42384137150804.62
ALT050,344,35018429279524.902
ALT050,345,38435342337030.375
ALT050,346,40249179624061.52
ALT050,347,42067333135640.9
ALT050,348,40736126401241.48
ALT050,349,40238303794090.16
ALT050,350,45968951662459.305
ALT050,351,48547975009980.5
ALT050,352,45946731346382.43
ALT050,353,46476305063672.71
ALT050,354,54594021119720.34
ALT050,355,55643771351593.516
ALT050,356,50705732510668.484
ALT050,357,42215818225590.1
ALT050,358,40109359649898.625
ALT050,359,44196932726615.37
ALT050,360,56819736913663.695
ALT050,361,49775355033262.94
ALT050,362,51309721119707.61
ALT050,363,58096499072673.44
ALT050,364,58864028813215.75
ALT050,365,61006923293706.625
ALT050,366,72404790161478.5
ALT050,367,71681717481032.16
ALT050,368,66740501852878.07
ALT050,369,69720158576783.836
ALT050,370,76395674759168.1
ALT050,371,70580606041808.66
ALT050,372,69180739392240.03
ALT050,373,63867291062695.31
ALT050,374,57783975773896.95
ALT050,375,61596710150902.16
ALT050,376,71072042633540.02
ALT050,377,75517279266138.47
ALT050,378,91403516668527.5
ALT050,379,80083924252440.66
ALT050,380,76054091083961.12
ALT050,381,83329189194922.48
ALT050,382,64332227870728.49
ALT050,383,50134412152083.77
ALT050,384,56496193624333.38
ALT050,385,75089086492537.11
ALT050,386,69590465452013.45
ALT050,387,73423547073135.36
ALT050,388,72093661360193.25
ALT050,389,78171185802706.14
ALT050,390,91405723454698.47
ALT050,391,98202985853709.27
ALT050,392,92275356725388.17
ALT050,393,55961686727840.125
ALT050,394,58131913014103.734
ALT050,395,95262458790269.77
ALT050,396,89771772516266.88
ALT050,397,50802396369112.44
ALT050,398,102283885816283.75
ALT050,399,128856757844769.11
ALT050,400,135114631872960.03
ALT055,290,7960108.285488567
ALT055,291,55874507.591187686
ALT055,292,273655551.3206662
ALT055,293,682600304.2859421
ALT055,294,2797064635.5102224
ALT055,295,6700593129.457051
ALT055,296,21514866598.55188
ALT055,297,34817854048.93763
ALT055,298,86819355732.18526
ALT055,299,133495820976.88924
ALT055,300,233624282585.932
ALT055,301,416845250943.1526
ALT055,302,579930313453.8228
ALT055,303,1196209004640.2905
ALT055,304,1550618940357.6584
ALT055,305,2418146961731.175
ALT055,306,2615300700791.5537
ALT055,307,3432615786740.247
ALT055,308,4598268739076.377
ALT055,309,4736783321229.203
ALT055,310,5383973515503.682
ALT055,311,8566820515271.869
ALT055,312,9152641057436.717
ALT055,313,10161935056895.15
ALT055,314,11045685869488.158
ALT055,315,12148653239904.117
ALT055,316,10898501949112.055
ALT055,317,15040023923592.336
ALT055,318,15313158126344.576
ALT055,319,16806556391987.95
ALT055,320,17726089345083.348
ALT055,321,20159500618801.867
ALT055,322,18998845777001.89
ALT055,323,17458041063847.857
ALT055,324,22227286025491.074
ALT055,325,23447432853198.598
ALT055,326,30850940322313.8
ALT055,327,32749126709678.023
ALT055,328,29762947477481.76
ALT055,329,34251550684978.53
ALT055,330,39054418647485.29
ALT055,331,34459667291712.98
ALT055,332,36140660425193.88
ALT055,333,35980458928180.62
ALT055,334,35479214956882.82
ALT055,335,39215249088114.37
ALT055,336,35364599311068.21
ALT055,337,32754398446567.457
ALT055,338,37724839707117.055
ALT055,339,40498253119191.734
ALT055,340,44616052328487.36
ALT055,341,41863454962735.64
ALT055,342,43758045090184
ALT055,343,46450914983819.36
ALT055,344,38366748361338.16
ALT055,345,42054846361064.77
ALT055,346,43998861027371.92
ALT055,347,45947210706391.74
ALT055,348,44457924993855.26
ALT055,349,43877680704060.27
ALT055,350,50088835045224.17
ALT055,351,52858599869220.69
ALT055,352,49992760536515.31
ALT055,353,50528524114033.43
ALT055,354,59308864652774.48
ALT055,355,60406555864715
ALT055,356,55006364017964.82
ALT055,357,45764990230034.69
ALT055,358,43451058533212.38
ALT055,359,47846552748797.445
ALT055,360,61471629312132.46
ALT055,361,53814370591778.016
ALT055,362,55436659735431.93
ALT055,363,62728943439589.25
ALT055,364,63517424035721.13
ALT055,365,65788991411728.39
ALT055,366,78031960236567.14
ALT055,367,77205400124399.95
ALT055,368,71840238220219.4
ALT055,369,75003259199848.78
ALT055,370,82136357873321.83
ALT055,371,75840451732267.3
ALT055,372,74293852152216.11
ALT055,373,68548994432230.67
ALT055,374,61985352222268.945
ALT055,375,66039012350816.4
ALT055,376,76156318594992.12
ALT055,377,80876264757056.83
ALT055,378,97838150488477.47
ALT055,379,85676883843317.7
ALT055,380,81323647654416.94
ALT055,381,89057489796950.72
ALT055,382,68719997885322.46
ALT055,383,53527217658860.54
ALT055,384,60289919924279.836
ALT055,385,80092425239737.53
ALT055,386,74191903692954.14
ALT055,387,78241393372751.69
ALT055,388,76788294575768.48
ALT055,389,83223147104796.62
ALT055,390,97268629459349.66
ALT055,391,104454680576231.73
ALT055,392,98105944905526.05
ALT055,393,59471522683042.44
ALT055,394,61751031154002.086
ALT055,395,101149742875330.77
ALT055,396,95279231550118.12
ALT055,397,53896411298100.15
ALT055,398,108468111247031.94
ALT055,399,136591413421317.36
ALT055,400,143166881281828.22
ALT060,290,18906783.367515914
ALT060,291,120168163.64484239
ALT060,292,538097311.275053
ALT060,293,1274664300.6189616
ALT060,294,4841194143.65756
ALT060,295,11062042118.708565
ALT060,296,33521588197.491177
ALT060,297,52364253847.73168
ALT060,298,125016616600.26016
ALT060,299,186752480851.82764
ALT060,300,316706855467.91016
ALT060,301,548231723020.9975
ALT060,302,748233023404.1569
ALT060,303,1509720100243.5603
ALT060,304,1931819491028.2974
ALT060,305,2947451533711.6533
ALT060,306,3153259180657.055
ALT060,307,4094469184981.177
ALT060,308,5419056141590.114
ALT060,309,5542703103985.435
ALT060,310,6229661327453.097
ALT060,311,9857378138763.533
ALT060,312,10453174528644.676
ALT060,313,11532161128378.09
ALT060,314,12503063002078.57
ALT060,315,13649840282523.467
ALT060,316,12217669668836.166
ALT060,317,16780453330241.69
ALT060,318,17052262951790.43
ALT060,319,18600306529234.355
ALT060,320,19663572716443.906
ALT060,321,22198130333005.7
ALT060,322,20944667194575.434
ALT060,323,19207893566683.14
ALT060,324,24315780783170.582
ALT060,325,25736893796779.48
ALT060,326,33707979827437.27
ALT060,327,35685424247368.11
ALT060,328,32518106373041.44
ALT060,329,37244564555800.914
ALT060,330,42401882653294.4
ALT060,331,37443186258961.69
ALT060,332,39179498347620.28
ALT060,333,38959649587841.484
ALT060,334,38433859579898.36
ALT060,335,42385248301156.17
ALT060,336,38182038110888.15
ALT060,337,35355264003290.11
ALT060,338,40687337087340.43
ALT060,339,43626404832200.445
ALT060,340,48038793786475.7
ALT060,341,45036742856157.266
ALT060,342,47033874646958.46
ALT060,343,49897023327748.42
ALT060,344,41203300325708.21
ALT060,345,45117527062063.81
ALT060,346,47169090453977.234
ALT060,347,49225034111660.11
ALT060,348,47599985323103.07
ALT060,349,46947862096027.7
ALT060,350,53562046781774.67
ALT060,351,56490150561329.445
ALT060,352,53399368968219.664
ALT060,353,53937919618677.87
ALT060,354,63273089362069.63
ALT060,355,64408578438323.47
ALT060,356,58617752524467.56
ALT060,357,48743540286680.484
ALT060,358,46253752851090.19
ALT060,359,50905649874810.68
ALT060,360,65368573878013.79
ALT060,361,57195884885726.99
ALT060,362,58889761635142.23
ALT060,363,66602800920259.68
ALT060,364,67406614452373.23
ALT060,365,69783529101027.51
ALT060,366,82729842794096.03
ALT060,367,81814379713515.12
ALT060,368,76093206760460.77
ALT060,369,79406837002514.25
ALT060,370,86918846503417.33
ALT060,371,80220112542689.81
ALT060,372,78549178454790.86
ALT060,373,72443334385909.69
ALT060,374,65478425764557.2
ALT060,375,69730593834777.42
ALT060,376,80379347810795.31
ALT060,377,85325355776630
ALT060,378,103177752941122.34
ALT060,379,90315893473503.25
ALT060,380,85692413862574.8
ALT060,381,93804437032172.47
ALT060,382,72354444540965.67
ALT060,383,56336283145263.61
ALT060,384,63429558375913.66
ALT060,385,84231338814636.42
ALT060,386,77996736395365.4
ALT060,387,82223496070390.94
ALT060,388,80666946017463.44
ALT060,389,87395308844942.2
ALT060,390,102108550620699.27
ALT060,391,109613483911489
ALT060,392,102915353988525.27
ALT060,393,62365508146078.16
ALT060,394,64733973350688.77
ALT060,395,106000298030079.56
ALT060,396,99815136294960.27
ALT060,397,56443668514352.47
ALT060,398,113557612576503.31
ALT060,399,142954565679832.72
ALT060,400,149788929345950.47
ALT065,290,37052398.98944379
ALT065,291,217994640.96790093
ALT065,292,910426304.7104764
ALT065,293,2071740966.388763
ALT065,294,7417198706.070472
ALT065,295,16336375073.531458
ALT065,296,47325314286.687195
ALT065,297,71922050557.79587
ALT065,298,166000086605.23904
ALT065,299,242461913659.60345
ALT065,300,401245621388.94696
ALT065,301,678404385823.8326
ALT065,302,912186595019.7042
ALT065,303,1809249120228.4998
ALT065,304,2291876530709.319
ALT065,305,3437828280502.4
ALT065,306,3646880157856.011
ALT065,307,4696027762821.131
ALT065,308,6157135768588.894
ALT065,309,6262857919233.106
ALT065,310,6977864088998.703
ALT065,311,10993541084077.947
ALT065,312,11590562514505.56
ALT065,313,12723736267377.566
ALT065,314,13767555653905.406
ALT065,315,14943774249447.488
ALT065,316,13352444363763.947
ALT065,317,18271282646267.555
ALT065,318,18539409142758.562
ALT065,319,20125785148180.32
ALT065,320,21314718104397.85
ALT065,321,23924051768078.105
ALT065,322,22593757582219.25
ALT065,323,20688284941561.625
ALT065,324,26073676690427.605
ALT065,325,27669756842508.348
ALT065,326,36110143988742.97
ALT065,327,38148288391091.484
ALT065,328,34834577592263.508
ALT065,329,39750346511146.67
ALT065,330,45200581904988.91
ALT065,331,39939408921010.26
ALT065,332,41716793800325.164
ALT065,333,41444524544217.914
ALT065,334,40899256499375.28
ALT065,335,45025017366246.516
ALT065,336,40525965207805
ALT065,337,37518561134512.94
ALT065,338,43149652486466.46
ALT065,339,46223643561772.77
ALT065,340,50879402404685.64
ALT065,341,47668339062110.766
ALT065,342,49748403651568.31
ALT065,343,52751070257213.98
ALT065,344,43552033421584.77
ALT065,345,47651174674678.484
ALT065,346,49790032993566.55
ALT065,347,51933330223067.85
ALT065,348,50194683012141.05
ALT065,349,49481726123051.6
ALT065,350,56427042971927.31
ALT065,351,59484175868585.945
ALT065,352,56206637938337.484
ALT065,353,56745929561994.86
ALT065,354,66536343173788.38
ALT065,355,67701337182752.6
ALT065,356,61587633710690.32
ALT065,357,51191836693704.914
ALT065,358,48556386879679.63
ALT065,359,53417754461406.086
ALT065,360,68567270902836.664
ALT065,361,59970216991951.86
ALT065,362,61721535083119.95
ALT065,363,69778209380436.01
ALT065,364,70593195560577.14
ALT065,365,73055026020427.67
ALT065,366,86575727486274.69
ALT065,367,85585887691499.25
ALT065,368,79571947078215.66
ALT065,369,83007298772770.5
ALT065,370,90827526630574.16
ALT065,371,83798135010043.6
ALT065,372,82024253077002.42
ALT065,373,75622372370706.14
ALT065,374,68328807712180.125
ALT065,375,72741816498655.84
ALT065,376,83822779248471.66
ALT065,377,88951775153288.84
ALT065,378,107528432530918.27
ALT065,379,94094368471011.95
ALT065,380,89249507033022.95
ALT065,381,97668090151218.36
ALT065,382,75311577464821.53
ALT065,383,58621067820670.09
ALT065,384,65982351983390.53
ALT065,385,87595499122750.45
ALT065,386,81088329038018.3
ALT065,387,85458070240130.23
ALT065,388,83816470209971
ALT065,389,90782087325017.17
ALT065,390,106036149422432.84
ALT065,391,113798549254538.02
ALT065,392,106815772559933.38
ALT065,393,64711808753076.25
ALT065,394,67151670005089.68
ALT065,395,109930541981953.55
ALT065,396,103489350694567.97
ALT065,397,58506420857510.414
ALT065,398,117677872609977.94
ALT065,399,148104459689200.56
ALT065,400,155146855521756.16
ALTMAX,290,47400299.81064727
ALTMAX,291,271101166.5328031
ALTMAX,292,1103692836.2190354
ALTMAX,293,2474872798.904586
ALTMAX,294,8670947889.99893
ALTMAX,295,18842441649.93667
ALTMAX,296,53692991830.80431
ALTMAX,297,80781990975.96921
ALTMAX,298,184155365690.6575
ALTMAX,299,266775192793.02826
ALTMAX,300,437545191158.2665
ALTMAX,301,733427010854.6598
ALTMAX,302,980800427595.3164
ALTMAX,303,1933169601305.0696
ALTMAX,304,2439834879527.7827
ALTMAX,305,3637048986586.9746
ALTMAX,306,3846280261438.5825
ALTMAX,307,4937666180894.983
ALTMAX,308,6451741988553.867
ALTMAX,309,6549238001140.841
ALTMAX,310,7273647963309.137
ALTMAX,311,11441382757938.531
ALTMAX,312,12037131480045.955
ALTMAX,313,13190014431290.857
ALTMAX,314,14261703028070.785
ALTMAX,315,15447453003853.06
ALTMAX,316,13793646041230.3
ALTMAX,317,18849467269005.305
ALTMAX,318,19115580723200.773
ALTMAX,319,20714889780889.945
ALTMAX,320,21953138281514.48
ALTMAX,321,24588782706093.297
ALTMAX,322,23229294894397.43
ALTMAX,323,21258212180606.51
ALTMAX,324,26748398394989.918
ALTMAX,325,28412958938274.6
ALTMAX,326,37031556666282.3
ALTMAX,327,39091638819612.484
ALTMAX,328,35723113208550.445
ALTMAX,329,40709082968616.695
ALTMAX,330,46270525235144.1
ALTMAX,331,40894123893090.89
ALTMAX,332,42686041019348.05
ALTMAX,333,42393156480278.984
ALTMAX,334,41840677236327.336
ALTMAX,335,46031823223122.59
ALTMAX,336,41419429866824.84
ALTMAX,337,38343070341053.91
ALTMAX,338,44087729193611.2
ALTMAX,339,47212501332429.05
ALTMAX,340,51960644806292.96
ALTMAX,341,48669577452705.22
ALTMAX,342,50780722796992.59
ALTMAX,343,53836091708508.05
ALTMAX,344,44444841697534.64
ALTMAX,345,48613751857683.05
ALTMAX,346,50785399393768.5
ALTMAX,347,52961513280720.984
ALTMAX,348,51179420439855.31
ALTMAX,349,50443045640315.19
ALTMAX,350,57513656046075.414
ALTMAX,351,60619372377117.09
ALTMAX,352,57270733839757.3
ALTMAX,353,57809958825110.83
ALTMAX,354,67772492679147.56
ALTMAX,355,68948304274670.445
ALTMAX,356,62711998313250.06
ALTMAX,357,52118476290982.62
ALTMAX,358,49427647592733.14
ALTMAX,359,54368009869273.45
ALTMAX,360,69776923262220.78
ALTMAX,361,61019100341348.88
ALTMAX,362,62791847667805.555
ALTMAX,363,70978090019900.38
ALTMAX,364,71796987724338.02
ALTMAX,365,74290585771719.31
ALTMAX,366,88027852988391
ALTMAX,367,87009575599500.28
ALTMAX,368,80884798863553.56
ALTMAX,369,84365761276465.84
ALTMAX,370,92301928703921.97
ALTMAX,371,85147491963119.9
ALTMAX,372,83334482260652.81
ALTMAX,373,76820710390604.39
ALTMAX,374,69403016947365.05
ALTMAX,375,73876387973572.64
ALTMAX,376,85119912852022.36
ALTMAX,377,90317543456031.42
ALTMAX,378,109166617981164.03
ALTMAX,379,95516797063451.94
ALTMAX,380,90588315174327.64
ALTMAX,381,99121980605075.25
ALTMAX,382,76424117831168.23
ALTMAX,383,59480482563998.99
ALTMAX,384,66942386582027.82
ALTMAX,385,88860417452105.62
ALTMAX,386,82250537276738.7
ALTMAX,387,86673796025546.92
ALTMAX,388,85000005568720.84
ALTMAX,389,92054541058749.8
ALTMAX,390,107511523921903.33
ALTMAX,391,115370352213645.52
ALTMAX,392,108280405658067.67
ALTMAX,393,65592703457757.15
ALTMAX,394,68059210426110.23
ALTMAX,395,111405597444558.12
ALTMAX,396,104868079538057.19
ALTMAX,397,59280325954768.36
ALTMAX,398,119223455586338.83
ALTMAX,399,150035956321716.16
ALTMAX,400,157156047557460.9
